test_day,gain_value,loss_value,prio1_det,prio2_det,prio3_det,prio4_det,prio1_undet,prio2_undet,prio3_undet,prio4_undet,prio1_false_positive,prio2_false_positive,prio3_false_positive,prio4_false_positive,prio1_true_neg,prio2_true_neg,prio3_true_neg,prio4_true_neg
0.0,12150.45,1018.2500000000001,1.0,0.0,5.0,0.0,5.0,4.0,1.0,1.0,83.0,26.0,17.0,0.0,698.0,245.0,664.0,13.0
1.0,6636.700000000001,609.7,4.0,0.0,2.0,2.0,4.0,1.0,1.0,0.0,76.0,20.0,18.0,1.0,668.0,248.0,164.0,18.0
2.0,1655.8000000000002,741.2499999999999,3.0,0.0,0.0,1.0,4.0,2.0,1.0,1.0,66.0,12.0,19.0,2.0,699.0,261.0,135.0,9.0
3.0,2998.8499999999995,522.3,2.0,0.0,2.0,0.0,4.0,2.0,1.0,0.0,49.0,6.0,17.0,2.0,538.0,186.0,139.0,10.0
4.0,353.54999999999995,249.55,2.0,2.0,0.0,0.0,2.0,0.0,0.0,1.0,61.0,5.0,10.0,3.0,350.0,121.0,154.0,13.0
5.0,946.6,244.0,5.0,0.0,1.0,0.0,5.0,0.0,0.0,0.0,67.0,4.0,23.0,4.0,336.0,121.0,157.0,10.0
